model,data,size,train_ratio,noise_add,noise_rm,avg_acc,std_acc,avg_time
pe_gine_sgm,ppi,5,0.8,0.0,0.0,0.8483516483516483,0.04200332934860746,83.45119757652283
pe_gine_sgm,ppi,5,0.8,0.0,0.0,0.8576923076923076,0.05745371910843872,81.09313840866089
